Номер;Пункт требований;Категория;Наименование краткое;Описание;Автоматизировано;Рекомендация (не включается в чеклист);
1;1.1.1;Формат;Версия FBX 7.4;Трехмерные цифровые модели должны предоставляться заявителем в универсальном обменном формате FBX версии 7.4 (FBX 2014) бинарного типа.;0;0;автоматизировать
2;1.1.2;Формат;Нет вредоносного ПО;Предоставляемые модели не должны содержать вредоносных программ или частей кода.;0;0;
3;1.1.3;Формат;Лицензионное ПО;Предоставляемые модели должны создаваться с применением лицензионных версий программного обеспечения.;0;0;
4;1.1.4;Формат;Соответствие АГР;Предоставленная трехмерная модель должна соответствовать визуализации и графическим материалам, представленных в рамках предпроектного архитектурного решения (буклета, эскизного проекта) и проектной документации.;0;0;
5;1.2.1;Единицы измерения;Модель в метрах;Система отображения координат должна быть метрическая: одна условная единица измерения соответствует одному метру.;0;0;автоматизировать
6;1.3.1;Адрес;Сокращения;Рекомендовано использование сокращений адресообразующих элементов, вместо полного описания согласно Приказу Министерства финансов Российской Федерации от 5 ноября 2015 г. N2 171н «Об утверждении Перечня элементов планировочной структуры, элементов улично-дорожной сети, элементов объектов адресации, типов зданий (сооружений), помещений, используемых в качестве реквизитов адреса, и Правил сокращенного наименования адресообразующих элементов». Точка в конце сокращенных слов не ставится.;0;0;
7;1.3.2;Адрес;Допустимые символы;Адресообразующие элементы должны задаваться исключительно латиницей (английским алфавитом), цифрами и символом нижнего подчеркивания («_»). Другие спецсимволы, включая пробел, недопустимы и заменяются символом нижнего подчеркивания («_»).;0;1;включено в 2.10.2
8;1.3.3;Адрес;Нижние подчеркивания;Адресообразующие элементы разделяются нижним подчеркиванием. Числовые и буквенные знаки отделяются нижним подчеркиванием друг от друга.;0;0;
9;1.3.4;Адрес;Заглавные буквы;Каждое новое слово начинается с заглавной буквы.;0;0;
10;1.3.5;Адрес;Улица опущена;В названиях элементов улично-дорожной сети опускается только слово «улица».;0;0;
11;1.3.6;Адрес;Кадастровый номер;Если объект не имеет точного строительного/почтового адреса, то в переменную Address указывается кадастровый номер объекта, символ «:» заменяется на «_».;0;0;
12;1.3.7;Адрес;Индексы ОКС;У отдельно стоящих зданий или строений после наименования адреса/кадастрового номера необходимо добавлять уникальный индекс в формате «_number», где number — это трехзначное число, начиная с 001 и далее строго по порядку со значением шага равным единице.;0;0;
13;2.1.1;Файлы и структура;ZIP ? 500 Мб;Модель проекта АГР должна передаваться в виде файлов формата ZIP размером до 500 мегабайт.;1;0;
14;2.1.2;Файлы и структура;Состав архива;"Файл формата ZIP модели должен содержать:
- файл формата FBX;
- файл формата FBX модели освещения (при наличии в проекте);
- файл формата GEOJSON;
- 3-2100 файлов формата PNG.";1;0;
15;2.1.3;Файлы и структура;Отдельностоящие здания;Каждое отдельно стоящее строение с одним адресом - отдельная модель.;0;0;
16;2.1.4;Файлы и структура;Уникальные адреса;Каждое строение (корпуса, стилобаты) с уникальным адресом - отдельная модель.;0;0;
17;2.1.5;Файлы и структура;Ground отдельно;Файлы благоустройства земельного участка со всеми его элементами и растительностью (Ground) - отдельная модель.;0;0;
18;2.1.6;Файлы и структура;Есть файлы Ground;Файлы благоустройства земельного участка - неотъемлемая часть АГР и является обязательной к исполнению.;0;0;
19;2.1.7;Файлы и структура;Ground в полной мере;Файлы благоустройства земельного участка, а также все ОКС проекта должны быть реализованы в полной мере и одинаково как для высокополигональной модели, так и для низкополигональной. Это касается, в том числе, и МАФ, озеленения, столбов освещения и пр.;0;0;
20;2.2.1;Geojson;Структура и синтаксис;Файл GEOJSON должен быть заполнен строго в соответствии со структурой, синтаксисом, именами и описаниями полей, примеры заполнения которых указаны в Приложении 3 к требованим АГР.;1;0;
21;2.2.2;Geojson;Adress по буклету;В строку адреса в GEOJSON прописываются дополнительно сведения о корпусах (секциях, строениях) из спецификации буклета или другого источника проектной информации для каждого отдельно нарезанного корпуса, при отсутствии таковых, например у стилобатов, никакие дополнительные правки в адрес не вносятся.;0;0;
22;2.2.3;Geojson;Кавычки заменены;При заполнении значения полей, где требуется внести название, например, организации, в кавычках, вместо них необходимо использовать апостроф.;0;0;
23;2.2.4;Geojson;Вариаты через запятую;При необходимости внести вариацию данных в поля «okrug», «rajon», «developer», «designer», «cadNum», например, несколько кадастровых номеров участка, они записываются через запятую, в рамках одного поля и одной пары кавычек: дополнительные кавычки не ставятся. В остальных полях вариативность данных не предусмотрена.;0;0;
24;2.2.5;Geojson;Названия полей;Допустимо вносить изменения только в значение полей. Сами поля изменять, дублировать и некорректно записывать запрещено.;0;0;
25;2.2.6;Geojson;Все поля заполнены;Все поля, кроме поля «other», должны быть заполнены.;0;0;автоматизировать
26;2.2.7;Geojson;Кодировка UTF-8;Файл формируется и предоставляется в кодировке UTF-8.;0;0;автоматизировать
27;2.2.8;Geojson;Синтаксис features;Каждое отдельное поле в группе «features» состоит из двух частей: имени поля и его описания. Каждая часть поля помещается в кавычки и отделяется друг от друга двоеточием.;0;0;автоматизировать
28;2.3.1а;Геометрия;Нет пустых объектов;На сцене внутри FBX с геометрией ОКС или благоустройства не должно быть лишних объектов, не относящихся к сдаваемой модели (камеры, пустые объекты, пустая геометрия).;1;0;
29;2.3.1б;Геометрия;Нет посторонних объектов;На сцене внутри FBX с геометрией ОКС или благоустройства не должно быть лишних объектов, не относящихся к сдаваемой модели (подземные и внутренние коммуникации, объекты геометрии, не относящиеся к проекту АГР, такие как, например,  персонажи, автомобили, животные и т.д.).;0;0;
30;2.3.2;Геометрия;Коллекции по умолчанию;Все объекты в сцене должны быть расположены в едином слое (коллекции), создаваемом по умолчанию.;0;1;включено в 2.3.3
31;2.3.3;Геометрия;Коллекция одна;На сцене не должно быть более одного слоя (коллекции).;1;0;
32;2.3.4;Геометрия;Геометрия оптимизирована;Для описания силуэта (формы) объекта использовать оптимальное количество треугольных полигонов, кроме случаев, необходимых для оптимальной UV-развертки.;0;0;
33;2.3.5;Геометрия;Стекло отдельным объектом ;Светопрозрачные конструкции должны быть выполнены отдельным от ОКС, которому принадлежат, объектом геометрии.;0;0;
34;2.3.6;Геометрия;Main и Glass вместе;Объекты геометрии и объекты геометрии со свойством прозрачности, принадлежащие единой модели, должны компоноваться в общий файл формата FBX.;0;0;
35;2.3.7;Геометрия;Ground единый отдельно;Благоустройство, элементы благоустройства и элементы растительности должны быть объединены в один объект геометрии и сформированы в отдельный файл формата FBX.;1;0;
36;2.3.8;Геометрия;ОКС вдавлен вниз;Полигоны по периметру объекта геометрии ОКС должны быть выдавлены вниз на глубину, достаточную для погружения этих полигонов внутрь геометрии благоустройства.;0;0;
37;2.3.9;Геометрия;Ground вдален вниз;По периметру объекта геометрии благоустройства полигоны должны быть выдавлены вниз на расстояние не менее 1 метра с использованием текстурных заглушек обобщенного цвета полигонов, из которых происходило выдавливание..;0;0;
38;2.3.10;Геометрия;Нет иерархических связей;Объекты геометрии не должны иметь иерархических связей между собой, групп и т.д.;1;0;
39;2.3.11;Геометрия;Единая геометрия рам и фасада;Рекомендуется использование единой геометрии для элементов окон (за исключением объектов со  свойством прозрачности) и фасадов.;0;0;
40;2.3.12;Геометрия;? 2 000 000 в FBX;Предельное количество треугольных полигонов всех объектов геометрии модели, не включая объекты геометрии коллизии, в рамках одного файла формата FBX 2 000 000.;1;0;
41;2.3.13;Геометрия;Нет дубликатов вершин;"Объекты геометрии не должны содержать:
- дубликатов и самопересечений ребер и полигонов (погрешность расстояния 0,002 м);
- изолированных вершин, ребер и полигонов; отрезков нулевой длины;
- ключей анимации; дополнительных модификаторов.";1;0;
42;2.3.14;Геометрия;Интерьеры упрощены;Интерьеры, согласно проектной документации, должны быть заменены сплошными стенами и перекрытиями. Сложные по форме, а также, невидимые зрителю снаружи здания внутренние стены должны быть удалены.;0;0;
43;2.3.15;Геометрия;Сонаправленные полигоны;Для упразднения дефектов отображения сонаправленных полигонов, перекрывающих друг друга, расстояние между ними должно составлять не менее 5 мм и не более 2 см.;0;0;
44;2.3.16;Геометрия;Сглаживание;Группы сглаживания определяет проектировщик согласно проектному решению и расставляет их только по полигонам.;0;0;
45;2.3.17;Геометрия;Нет визуальных дефектов;В моделях не должно быть визуальных дефектов: при осмотре объекта, в условии ограничений, наложенных коллизией, в поле зрения наблюдателя не должно быть физически отсутствующих полигонов, за исключением зон, непросматривающихся ни под каким углом (в том числе через объекты со свойством прозрачности).;0;0;
46;2.3.18;Геометрия;Растительность реалистична;Растительность должна быть выполнена реалистично, стилизации недопустимы. Рекомендуется, при наличии, моделировать ствол, основные крупные ветви, а мелкие веточки с листьями воссоздавать плоскостями с текстурной картой с альфа-каналом.;0;0;
47;2.3.19;Геометрия;Триангуляция;Объекты геометрии должны быть триангулированы перед экспортом в файл формата FBX.;1;0;
48;2.3.20;Геометрия;Нормали корректны;Нормали объектов, видимых с условной точки наблюдения, должны быть направлены в сторону наблюдателя.;0;0;
49;2.3.21;Геометрия;Трансформации применены;Все трансформации модели должны быть сброшены (применены).;1;0;
50;2.3.22;Геометрия;Внутренние дворы, ниши в Ground;Закрытые дворики под открытым небом, ниши и прочие пограничные пространства являются частью благоустройства, в связи с чем все их элементы (урны, столики и стулья уличного кафе, клубы и п .), предусмотренные проектом, сохраняются.;0;0;
51;2.4.1;Материалы;Материалы стандартные;Материалы не должны быть созданы при помощи сторонних движков рендера (VRay, Octane, Corona, Arnold и прочего ПО для визуализации изображений высокого качества), а также не допустимы к использованию сложные, нестандартные, не базовые шейдеры, такие как Physical Material, Blend.;0;0;
52;2.4.2;Материалы;Glass без текстур;Материал полупрозрачных деталей не должен содержать в себе текстурных карт.;1;0;
53;2.4.3;Материалы;Нет путей текстур;Все пути к текстурным картам в материалах должны быть удалены.;1;0;
54;2.4.4;Материалы;UDIM ? 100 текстур, ? 7 UDIM;Если к объектам геометрии Main требуется применение более 100 UDIM-карт, то назначается дополнительный(-ые) материал(-ы) (до семи штук). Каждый материал должен иметь свой SlotNumber начиная с единицы и далее строго по порядку с шагом равным единице.;1;0;
55;2.4.5;Материалы;Группировка материалов;"Недопустимо:
- группировать материалы  _ MainGlass и _Main или _GroundGlass и _Ground в рамках одного родительского материала;
- разделять материалы Main по слотам при количестве текстурных карт менее 100.";0;0;
56;2.4.6;Материалы;;Требования к светопрозрачным объектам геометрии описаны в п. 8 данной таблицы.;0;1;ссылка
57;2.4.7;Материалы;? 7 материалов на объект;Максимальное количество материалов на один объект геометрии — 7 шт.;1;0;
58;2.5.1.1;Текстуры;Отдельно от FBX;Текстурные карты не должны быть интегрированы в файл формата FBX и должны предоставляться в формате PNG отдельно от файла формата FBX.;0;0;автоматизировать
59;2.5.1.2;Текстуры;Разрешения 256/2048/4096;Допустимы следующие размеры текстурных карт: 256х256 (применительно к текстурным заглушкам), 2048х2048, 4096х4096 пикселей.;1;0;
60;2.5.1.3;Текстуры;Разрешения в наборе одинаковы;В рамках одного текстурного набора не разрешается использование нескольких размеров текстурных карт, исключение — текстурные заглушки.;1;0;
61;2.5.1.4.1;Текстуры;Есть Diffuse, ERM, Normal;Обязательный набор: карта диффузного цвета, карта ERM, карта нормалей.;1;0;
62;2.5.1.4.2;Текстуры;Альфа-канал Diffuse;Необязательно: карта прозрачности, закодированная в Альфа-канал текстурной карты диффузного цвета.;0;0;
63;2.5.1.5;Текстуры;Текстурный отступ 32 p;Если у островов, расположенных в рамке одной UDIM-плитки, должны быть уникальные текстуры, то они должны иметь текстурный отступ, то есть заходить за края UV-острова, для которого создается текстура, не менее чем на 32 пикселей ( рекомендован отступ до бесконечности). UV- отступ не должен пересекаться в другими UV- отступами и островами.;0;0;
64;2.5.1.6;Текстуры;ERM, Normal без альфа-канала;Текстурные карты ERM и нормалей должны предоставляться строго без альфа-канала.;1;0;автоматизировать
65;2.5.1.7;Текстуры;Normal API DirectX;Текстурные карты Normal должны быть подготовлены в соответствии с API DirectX.;0;0;
66;2.5.1.8;Текстуры;Нет пустых UDIM-плиток;Каждая текстурная карта архива должна проецироваться хотя бы на один полигон геометрии (неиспользуемых текстурных карт быть не должно).;1;0;
67;2.5.2.1.1;Текстуры;Развертка UDIM;UV-развертка выполняется исключительно по технологии UDIM.;0;0;автоматизировать
68;2.5.2.1.2;Текстуры;Подобные UV острова наложены;Геометрию, выходящую по размерам за пределы одной UDIM-плитки при условии соответствия требованиям к плотности пикселей, необходимо разделять, а повторяющиеся или подобные острова развертки необходимо размещать методом наложения.;0;1;дополнение (учтено в остальных пунктах)
69;2.5.2.1.3а;Текстуры;Развертка на один канал;UV-развертка геометрии по технологии UDIM выполняется в единственном экземпляре и только на один канал.;1;0;
70;2.5.2.1.3б;Текстуры;UDIM последоватеntym;UDIM-плитки заполняются, начиная с 1001, строго последовательно, без пропусков в нумерационном ряду UDIM по схеме 10 на 10.;1;0;
71;2.5.2.1.4;Текстуры;Нет зеркальных UV;Острова UV-развертки по технологии UDIM не должны быть отражены зеркально.;0;0;
72;2.5.2.1.5;Текстуры;UV не пересекает UDIM;При UV-развертке по технологии UDIM недопустимо выносить UV-острова за границы UDIM-плиток (UV-острова не должны принадлежать сразу нескольким UDIM-плиткам).;1;0;
73;2.5.2.1.6;Текстуры;Отступ от границ UDIM;Острова внутри необходимо размещать с соблюдением отступа от границ UDIM-плитки.;0;0;
74;2.5.2.1.7;Текстуры;Нет дефектов тайлинга;При выполнении UV-развертки по технологии UDIM, избегать образования видимых швов, сдвигов и несостыковок рисунка между текстурными картами на итоговой визуализации.;0;0;
75;2.5.2.2.1а;Текстуры;UV стекла на 1001 плитке;UV-развертку всей геометрии элементов со свойством прозрачности необходимо производить в пределах 1001 UDIM-плитки;1;0;
76;2.5.2.2.2б;Текстуры;UV стекла - максимальное заполнение;UV-развертку всей геометрии элементов со свойством прозрачности необходимо производить с максимальным заполнением и соблюдением отступа от границ UDIM-плитки. Допускается наложение UV-островов друг на друга.;0;0;
77;2.5.2.2.2;Текстуры;UV стекла - масштаб;Необходимо выдерживать масштаб UV-островов геометрии элементов со свойством прозрачности.;0;0;
78;2.5.2.2.3;Текстуры;UV стекла - ориентация;Необходимо сохранять ориентацию UV-островов среди элементов со свойством прозрачности исходя из того, что верх оконных стекол должен быть повернут в сторону координат U:0 V:1.;0;0;
79;2.5.2.2.4;Текстуры;UV стекла не деформировано;Деформация UV-островов недопустима.;0;0;
80;2.5.2.2.5;Текстуры;UV стекла - композиции окон;Если окна относятся к единой логической конструкции или расположены настолько близко друг к другу, что подразумевают единую оконную композицию конкретной комнаты, то их рекомендуется разворачивать совместно, с сохранением пропорционального расстояния между ними.;0;0;
81;2.5.2.2.6;Текстуры;У коллизий нет UV;UV-развертка не применяется к объектам геометрии коллизии.;1;0;
82;2.5.3.1;Текстуры;Заглушки 256х256;Разрешение текстурной заглушки должно быть равно 256х256 пикселей.;0;1;включено в 2.5.1.2
83;2.5.3.2;Текстуры;;В рамках одной UDIM-развертки допускается использовать в текстурном наборе заглушки совместно с текстурами обычного размера.;0;1;дополнение
84;2.5.3.3;Текстуры;Заглушки без альфа-канала;Текстурные заглушки должны быть строго без альфа-канала.;1;0;автоматизировать
85;2.5.3.4;Текстуры;Заглушки одноцветные;Текстурные заглушки должны быть заполнены единственным цветом, являющимся средним значением цветов заменяемой текстуры.;0;0;автоматизировать
86;2.5.3.5;Текстуры;Замена текстур заглушками;Текстурные заглушки допустимо использовать только на поверхностях, не имеющих четко выраженных фактур или в случае, если фактура воссоздана геометрией, например, на гладких поверхностях, хромированных деталях, а также текстурные заглушки запрещено использовать на мраморных, кирпичных, плиточных и пр. текстурах.;0;0;
87;2.6.1;Плотность пикселей;TD 512-1706 p/m2;Нижняя и верхняя границы плотности пикселя на метр 512-1706 высчитывается по формуле: плотность текстуры = длина стороны текстуры в пикселях (4096 или 2048) / длину или ширину полигона в метрах в мировой координатной системе.;1;0;
88;2.6.1.1;Плотность пикселей;;Для текстуры 4096 множество квадратов со сторонами от 7,8 м до 2,5 м будут вписываться в диапазон плотности от 525 px/m до 1638 px/m соответственно.;0;1;пример
89;2.6.1.2;Плотность пикселей;;Для текстуры 2048 множество квадратов со сторонами от 3,9 м до 1,3 м будут вписываться в диапазон плотности от 525 px/m до 1575 px/m соответственно.;0;1;пример
90;2.6.2;Плотность пикселей;;Для текстурных карт, использующих Альфа-канал, рекомендуется большая плотность из представленного диапазона.;0;1;рекомендация
91;2.6.3;Плотность пикселей;;В случае, когда весь (это важно) текстурный набор конкретной UDIM-плитки исполнен текстурными заглушками 256х256 px требования плотности текстур к этой UDIM-плитке не предъявляются, в обратном случае (при совместном использовании заглушек и обычных текстур) плотность пикселя необходимо соблюсти.;0;1;дополнение
92;2.7;Мелкие детали;Мелкие детали в текстуру;Декоративные элементы, мелкие детали, вдавленные или выступающие за основную геометрию здания до 5 см, запекаются в текстуру (исключение - бордюрные выступы).;0;0;
93;2.8;Стекло;Стекло присутствует;Отображение стекла является обязательным при его наличии и должно соответствовать требованиям.;0;0;
94;2.8.1;Стекло;Glass единый объект;Все элементы со свойством прозрачности одной модели должны быть объединены в единый объект геометрии с назначением специального материала и развертки, но не текстурных карт.;1;0;
95;2.8.2;Стекло;Типы стекла - материалы;Светопрозрачные конструкции с разными свойствами должны иметь разные материалы, но не более 7 штук.;1;0;
96;2.8.3;Стекло;Стекло окон - отдельный материал;На элементы со свойством прозрачности окон, балконных дверей и витрин необходимо назначать отдельный материал, даже если он визуально не отличается от остальных подобных элементов здания, например, ограждений.;0;0;
97;2.8.4;Стекло;Стекло окон без толщины;Светопрозрачные конструкции окон, ведущих в помещение с замкнутым пространством, не должны иметь толщины.;0;0;
98;2.9.1;Точка отсчета;Поворот по проекту;Углы поворота всех объектов геометрии должны соответствовать углам поворота в плане проектного решения.;0;0;
99;2.9.2;Точка отсчета;На архив свой GEOJISON;Общее содержимое отдельного файла в формате FВХ имеет свою точку отсчета и собственное описание в соответствующем ему файле формата GEOJSON.;0;0;возможно убрать
100;2.9.3;Точка отсчета;Объекты в нуле ;Точка отсчета объекта относительно мировых координат редактора должна быть расположена строго в нуле по всем осям.;1;0;
101;2.9.4а;Точка отсчета;Pivot в центре по XY;Точка отсчета ОКС или благоустройства должна быть расположена в примерном геометрическом центре модели по осям «X» и «У».;1;0;
102;2.9.4б;Точка отсчета;Pivot в проектном нуле по Z;Точка отсчета ОКС или благоустройства по оси «Z» должна соответствовать нулевой отметке проекта.;0;0;
103;2.9.5;Точка отсчета;Pivot всех объектов FBX в одной точке;Точки отсчета (pivot), всех моделей внутри файла формата FBX, должны иметь одинаковые координаты.;0;0;
104;2.9.6;Точка отсчета;Pivot - персечения корпусов по Z;В случае разделения строения по корпусам, точка отсчета по оси «Z» соответствует нулевой отметке проекта, если часть строения пересекается с выше озвученной отметкой, в обратном случае точке пересечения разделенных частей строения.;0;0;
105;2.9.7;Точка отсчета;;Расположение точек отсчета коллизии не имеет значения.;0;1;дополнение
106;2.10.1;Наименования;Не длинее 254;Длина наименования, включая адрес и все суффиксы, постфиксы и префиксы, не должна превышать значения в 254 символа.;1;0;
107;2.10.2;Наименования;Допустимые символы;Наименования должны задаваться исключительно латиницей (английским алфавитом), цифрами и символом нижнего подчеркивания («_»). Другие спецсимволы, включая пробел, недопустимы и заменяются символом нижнего подчеркивания («_»). Каждое новое слово в наименовании, в том числе в пределах адресообразующего элемента, начинается с заглавной буквы.;1;0;
108;2.10.3;Наименования;Нижние подчеркивания;Каждый адресообразующий элемент, суффикс/префикс, а также числовые и буквенные знаки отделяются друг от друга символом нижнего подчеркивания («_»).;0;0;повторяет 1.3.3
109;2.10.4.1;Наименования;Наименованиия архивов, ZIP, GEOJISON, FBX;"Файл формата FBX именуется согласно схемам (файлы GEOJSON и ZIP архивы полностью повторяют маски наименования FBX для ОКС и благоустройства):
- для ОКС SM_Address;
- для благоустройства SM_Address_Ground;
- для источников освещения фасадов здания SM_Address_Light;
- для источников освещения благоустройства SM_Address_Ground_Light.";1;0;
110;2.10.4.2;Наименования;Наменования объектов;"Объекты геометрии именуются согласно схемам:
- для благоустройства SM_Address_Ground;
- для светопрозрачных конструкций благоустройства SM_Address_GroundGlass;
- для строения SM_Address_Main;
- для светопрозрачных конструкций строения (если таковые присутствуют) SM_Address_MainGlass;
- для коллизии строений UCX_Address_Main_Number
(Number — порядковый номер элемента коллизии, число от  001 до 999);
- для коллизии благоустройства UCX_SM_Address_Ground_Number.";1;0;
111;2.10.4.3;Наименования;Наименования текстур;"Текстуры именуются согласно схемам:
- для строений T_Address_TypeTexture_SlotNumber.NomerUDIM;
- для благоустройства T_Address_Ground_TypeTexture_SlotNumber.NomerUDIM.";1;0;
112;2.10.4.4;Наименования;Наименования материалов;"Материалы в рамках файла формата FBX именуются согласно схемам:
- для материалов благоустройства М_Address_Ground_SlotNumber;
- для светопрозрачных материалов благоустройства М_Address_GroundGlass_SlotNumber;
- для непрозрачных материалов строений М_Address_Main_SlotNumber;
- для светопрозрачных материалов строений M_Address_MainGlass_SlotNumber.";1;0;
113;2.10.4.5;Наименования;Наименования освещения ОКС;"Наименования источников освещения фасадов ОКС должны соответствовать схемам:
- для всенаправленных точечных источников Address_Omni_Number
(Number — порядковый номер источника освещения данного типа, число от 001 до 050);
- для направленных прожекторов с коническим потоком лучей Address_Spot_Number;
- для корневого элемента источников освещения Address_Root.";1;0;
114;2.10.4.6;Наименования;Наименования освещения Ground;"Наименования источников освещения благоустройства должны соответствовать схемам:
- для всенаправленных точечных источников Address_Ground_Omni_Number
(где Number — порядковый номер источника освещения данного типа, число от 001 до 050);
- для направленных прожекторов с коническим потоком дучей Address_Ground_Spot_Number;
- для корневого элемента источников освещения Address_Ground_Root.";1;0;
115;2.11;Наименования;;"Требования написанию суффиксов наименованиях
Суффиксы применяются к наименованиям файлов, объектов геометрии, материалам и текстур с целью определения/построения иерархии в обязательном порядке
в наименовании обозначают принадлежность к:
SM_ объекту геометрии или модели, файлам формата FBX, ZIP, GEOJSON
T_ текстурам
M_ материалам
_SlotNumber имеет числовой вид от 1 до 7 и показывает информацию о порядковом номере материала, который задал пользователь, применяется к материалам и текстурам, служит для автоматического поиска па: материал и текстурный набор
_Main объекту геометрии или материалу ОКС, кроме светопрозрачных конструкций
_MainGlass объекту геометрии или материалу светопрозрачных конструкций или элементов ОКС
_Ground объекту геометрии или материалу элементов благоустройства
_GroundGlass объекту геометрии или материалу светопрозрачных конструкций или элементов благоустройства
NumberUDIM текстурам, имеет численный вид и показывает информация о номере UV-плитки, для которой выполнена текстура
UCX_ объекту геометрии коллизии, выполненной объектом типа «Mesh» (далее «редактируемый карккас»)
_Omni всенаправленным точечным источникам света
_Spot направленным источникам освещения типа «прожектор»
_Root корневому элементу всех источников света
_Light Файлу формата FBX источников освещения
_TypeTexture_ суффикс, дающий информацию о типе текстуры, каждое слово в нем начинается с прописного символа и продолжается строчными, кроме аббревиатур,  применяется только к текстурам
Допустимые суффиксы и их написание:
Diffuse цветовая карта
ERM E – карта светимости, R – карта шероховатости, M– карта металличности
Normal карта нормалей";0;1;дополонение (включено в проверку нейминга по маскам)
116;2.12.1;Элементы с вырезами;Отверстия - opacity;Отверстия или вырезы необходимо реализовать черно-белой текстурной картой в целочисленном диапазоне 0-255, где диапазоны от 0 до 127 — пустота/невидимая часть, а от 128 до 255 — заполненное/видимое пространство.;0;0;
117;2.12.2;Элементы с вырезами;Отверстия - альфа-канал Diffuse;Текстурную карту отверстий или вырезов необходимо запекать в альфа-канал текстурной карты диффузного цвета.;0;0;
118;2.12.3;Элементы с вырезами;Полигоны с opacity двусторонние;Полигоны, на которые назначена текстурная карта с прозрачностью, в том случае, если они просматриваются с обеих сторон, должны быть продублированы с равномерным для всех точек смещением в локальном направлении полигона на 0,002 метра и поворотом нормали в противоположную сторону.;0;0;
119;2.13.1;Коллизии;Выпуклость, замкнутость;Геометрия коллизии – это массив объектов, каждый из которых должен быть выпуклый, замкнутый, не содержать в себе отверстия и быть назван согласно вышеописанной маске.;1;0;
120;2.13.2;Коллизии;Нет на МАФ, флору;Геометрия коллизии строится исключительно для объектов геометрии благоустройства (наземные части: МАФ, элементы освещения и растительность в ней не учитываются) и исключительно для каждого ОКС.;0;0;
121;2.13.3;Коллизии;В каждом FBX свои коллизии;Каждый файл формата FBX должен иметь свою геометрию коллизии, кроме файлов FBX с освещением.;1;0;
122;2.13.4;Коллизии;Нет пересечений, зазор 0,02-1 см;Обязательно строить геометрии коллизий так, чтобы они не пересекались между собой. Зазор между смежными геометриями коллизий рекомендуется делать 0,02 - 1 см.;1;0;не учитывает зазор
123;2.13.5;Коллизии;Описывают геометрию;Массив коллизий строений должен повторять очертания одноименной геометрии и их светопрозрачных конструкций (кроме заборов), и массив коллизий геометрии благоустройства также соответствует геометрии благоустройства с их светопрозрачными конструкциями, с соблюдение иных требований ТЗ.;0;0;
124;2.13.6.1;Коллизии;Допуск благоустройства ? 10 см;Допуск в отступах от формы объекта геометрии для геометрии коллизии благоустройства, особенно по периметру – 10см.;0;0;
125;2.13.6.2;Коллизии;Допуск ОКС (1 этаж) ? 30 см;Допуск в отступах от формы объекта геометрии для геометрии коллизии ОКС на нижних этажах, куда, без применения спецсредств, может подойти гипотетический пешеход – 30см. Чаще всего это первые этажи, стилобаты или вторые этажи, к которым прилегают мосты и площадки.;0;0;
126;2.13.6.3;Коллизии;Допуск ОКС ? 1 м;Допуск в отступах от формы объекта геометрии для геометрии коллизии остальной геометрии ОКС – 1м.;0;0;
127;2.13.7;Коллизии;Без материалов;Геометрия коллизии не должна содержать слоты материалов.;1;0;
128;2.13.8;Коллизии;Учитывают выступы;Арки, внутренние дворы (колодцы), большие выступы на фасаде, объемные архитектурные элементы должны быть учтены и также входить в объем геометрии коллизии.;0;0;
129;2.13.9;Коллизии;Лестницы - усеченные пирамиды;Лестницы у входных групп должны иметь форму усеченной пирамиды.;0;0;
130;2.13.10;Коллизии;Поликаунт ? 5% от модели;Количество треугольников, входящих в состав геометрии коллизии, рассчитывается по формуле: Количество треугольников модели х 0,05 = Допустимое максимальное число треугольников геометрии коллизии, за исключением моделей менее 50000 треугольников.;1;0;
131;2.13.11;Коллизии;Поликаунт ? 15 000;Для моделей, состоящих из менее, чем 50000 треугольных полигонов, применяется формула: Допустимое максимальное число треугольных полигонов геометрии коллизии = 15000 треугольных полигонов.;1;0;
132;2.13.12;Коллизии;Коллизия. Поликаунт;Ограничение количества треугольных полигонов на модель не распространяется на геометрии коллизии. То есть, если количество треугольных полигонов модели составляет максимальные 2 млн треугольных полигонов, то количество треугольных полигонов геометрии коллизии может дополнительно составлять до 100000 треугольных полигонов.;0;1;дополнение
133;2.13.13;Коллизии;Масштаб соответствет модели;Масштабирование геометрии коллизии должно быть идентично масштабированию модели, очертания которой он повторяет.;0;0;
134;2.14.1;ДЭО;ERM - свечения поверхности;Текстурная карта ERM используется для передачи эффекта свечения поверхности (неоновые вывески, светодиодные ленты, световые дорожки, поверхности источников освещения).;0;0;
135;2.14.2;ДЭО;ERM не самостоятельный источник света;Текстурная карта ERM не может быть использована в качестве самостоятельного источника освещения.;0;0;
136;2.14.3;ДЭО;Emissive - сила свечения;Карта Emissive задает только силу свечения, так как она добавляется в красный канал карты ERM и хранить информацию в градациях серого.;0;0;
137;2.14.4;ДЭО;Emissive черная на несветящихся поверхностях;В случае отсутствия светящихся поверхностей, карта Emissive задается черным цветом.;0;0;
138;2.14.5;ДЭО;Цвет свечения - Diffuse;Цвет ДЭО задается в тех же текстурных координатах, в текстурной карте диффузного цвета;0;0;
139;2.15.1;Освещение;Освещение по АГР;"Файлы для передачи светового дизайна формируются только в том случае, если проект подразумевает его наличие. Приоритетно добавление источников освещения в случае, когда лучи света влияют на визуальное отображение других объектов в сцене, через их подсветку или затенение:
- декоративной точечной подсветки фасада здания;
- элементов уличного освещения;
- декоративных источников света.";0;0;
140;2.15.2;Освещение;На заметных участках;При превышении лимита источников освещения допускается использование источников освещения только на наиболее заметных участках модели.;0;0;
141;2.15.3;Освещение;? 50 источников;Файл формата FBX с источниками освещения не должен содержать более 50 источников освещения.;1;0;
142;2.15.4;Освещение;Осветительное оборудование;В случае наличия в проекте светового дизайна в рамках создаваемых трехмерных моделей ОКС или благоустройства необходимо отобразить внешний вид осветительного оборудования. Светящиеся элементы на таких объектах геометрии передаются с помощью карт ERM, а световой поток при помощи источников освещения, не входящих в состав вышеупомянутых трехмерных моделей.;0;0;
143;2.15.5;Освещение;FBX_Light для каждого архива;Источники освещения предоставляются в отдельном файле формата FВХ версии 7.4 (FB2014) бинарного типа для каждого проекта ОКС и каждого проекта благоустройства отдельно в составе соответствующего ZIP-архива.;0;0;автоматизировать
144;2.15.6;Освещение;Точечные или конические источники;Источником освещения может быть только точечный всенаправленный или конический нацеленный прожектор.;1;0;
145;2.15.7;Освещение;Базовые источники;Используются только базовые источники освещения, не относящиеся к сторонним или продвинутым движкам рендера.;0;0;
146;2.15.8;Освещение;Нет дальности распространения;У источников освещения должны быть настроены только цвет света и его сила. Дальность распространения необходимо отключать.;1;0;
147;2.15.9;Освещение;Источники привязаны к корню;Вся система источников освещения представляет собой иерархию объектов, где все источники освещения привязаны к корневому элементу, являющемуся вспомогательным пустым объектом.;1;0;
148;2.15.10;Освещение;Корень в pivot геометрии;Источники освещения должны быть расставлены и повернуты относительно освещаемого объекта так, чтобы верно передать концепцию светового рисунка, а их корневой элемент обязательно должен располагаться своей точкой отсчета строго в точке отсчета выше обозначенного объекта (в нулевых мировых координатах, как и сам объект).;0;0;
149;2.15.11;Освещение;? 10 источников на FBX;Рекомендовано использовать не более 10 источников освещения на одну трехмерную модель ОКС или благоустройства.;0;0;
